Country,Region
Canada,North America
Russia,Eastern Europe
Indonesia,Asia
Argentina,Latin America
Colombia,Latin America
India,Asia
Serbia and Montenegro,Eastern Europe
Albania,Eastern Europe
Czech Republic,Eastern Europe
Croatia,Eastern Europe
Nicaragua,Latin America
Mexico,Latin America
Hungary,Eastern Europe
Brazil,Latin America
United States,North America
United Kingdom,Western Europe
Belgium,Western Europe
Sweden,Western Europe
Netherlands,Western Europe
Germany,Western Europe
Turkey,Middle East
Australia,Australia
Israel,Middle East
New Zealand,Australia
Austria,Western Europe
United Arab Emirates,Middle East
Ireland,Western Europe
Saudi Arabia,Middle East
Norway,Western Europe
Denmark,Western Europe
Uganda,Africa
Ukraine,Eastern Europe
Switzerland,Western Europe
Jersey,Western Europe
Bahrain,Middle East
Belarus,Eastern Europe
Bermuda,North America
Bolivia,South America
Bulgaria,Eastern Europe
Cayman Islands,North America
China,Asia
Costa Rica,North America
Dominican Republic,North America
Ecuador,South America
El Salvador,North America
Estonia,Western Europe
Finland,Western Europe
France,Western Europe
Ghana,Africa
Greece,Western Europe
Guatemala,South America
Guernsey,Western Europe
Hong Kong,Asia
Iceland,Western Europe
Italy,Western Europe
Jamaica,North America
Jordan,Middle East
Kenya,Africa
Latvia,Western Europe
Lithuania,Western Europe
Luxembourg,Western Europe
Macedonia,Western Europe
Malaysia,Asia
Malta,Western Europe
Moldova,Eastern Europe
Nepal,Asia
Pakistan,Middle East
Paraguay,South America
Peru,South America
Philippines,Asia
Poland,Eastern Europe
Portugal,Western Europe
Puerto Rico,North America
Romania,Eastern Europe
Singapore,Asia
Slovakia,Eastern Europe
Slovenia,Eastern Europe
South Africa,Africa
Spain,Western Europe
Syria,Middle East
Taiwan,Asia
Thailand,Asia
Uruguay,South America
Venezuela,South America
Vietnam,Asia